Geography,Timeframe,"Current Year Week Ending",Type,"ASP Current Year","Total Bulk and Bags Units","4046 Units","4225 Units","4770 Units","TotalBagged Units","SmlBagged Units","LrgBagged Units","X-LrgBagged Units"
Albany,Weekly,"2024-01-28 00:00:00",Conventional,1.028430762,126846.79,25130.32,64452.62,2.83,37261.02,,,
Albany,Weekly,"2024-01-21 00:00:00",Conventional,1.066077275,145160.65,35953.62,83367.08,0.00,25839.95,,,
Albany,Weekly,"2024-01-14 00:00:00",Conventional,1.035532403,112259.11,25437.12,62705.82,1.05,24115.12,,,
Albany,Weekly,"2024-01-08 00:00:00",Conventional,1.062677182,148437.61,31343.36,85157.97,9.40,31926.88,,,
Atlanta,Weekly,"2024-01-28 00:00:00",Conventional,0.993048254,800906.58,594492.04,54076.14,68.10,152270.30,,,
Atlanta,Weekly,"2024-01-21 00:00:00",Conventional,0.996580709,788659.05,552063.18,66906.21,81.66,169608.00,,,
Atlanta,Weekly,"2024-01-14 00:00:00",Conventional,1.045211526,762575.65,530783.23,63411.33,29.02,168352.06,,,
Atlanta,Weekly,"2024-01-08 00:00:00",Conventional,0.996230747,735139.43,473201.80,111579.35,56.11,150302.18,,,
Baltimore/Washington,Weekly,"2024-01-28 00:00:00",Conventional,1.228134811,936019.77,359576.80,178722.65,1595.04,396125.29,,,
Baltimore/Washington,Weekly,"2024-01-21 00:00:00",Conventional,1.208407906,1026444.09,440380.93,209361.19,1759.65,374942.32,,,
Baltimore/Washington,Weekly,"2024-01-14 00:00:00",Conventional,1.287821289,928714.29,364391.82,185894.28,1570.13,376858.05,,,
Baltimore/Washington,Weekly,"2024-01-08 00:00:00",Conventional,1.239627594,962203.37,375150.82,189774.27,1845.82,395432.45,,,
Birmingham/Montgomery,Weekly,"2024-01-28 00:00:00",Conventional,0.949503284,352451.49,273497.54,6497.67,9.91,72446.37,,,
Birmingham/Montgomery,Weekly,"2024-01-21 00:00:00",Conventional,0.934480212,341880.68,259701.28,9880.24,6.98,72292.18,,,
Birmingham/Montgomery,Weekly,"2024-01-14 00:00:00",Conventional,0.957152801,350803.17,266924.24,8265.14,8.00,75605.79,,,
Birmingham/Montgomery,Weekly,"2024-01-08 00:00:00",Conventional,0.931174793,341461.05,260518.07,10808.94,22.17,70111.87,,,
Boise,Weekly,"2024-01-28 00:00:00",Conventional,1.186021235,117574.05,51833.81,40469.23,84.71,25186.29,,,
Boise,Weekly,"2024-01-21 00:00:00",Conventional,1.137426573,119677.55,55197.67,40162.72,181.31,24135.86,,,
Boise,Weekly,"2024-01-14 00:00:00",Conventional,1.180100636,124625.68,49273.27,47685.11,339.45,27327.85,,,
Boise,Weekly,"2024-01-08 00:00:00",Conventional,1.248481730,116298.66,49328.67,40928.78,850.53,25190.68,,,
Boston,Weekly,"2024-01-28 00:00:00",Conventional,1.211220346,762916.79,167753.82,411923.86,32.80,183206.31,,,
Boston,Weekly,"2024-01-21 00:00:00",Conventional,1.245048229,690730.06,192351.59,323529.57,63.01,174785.89,,,
Boston,Weekly,"2024-01-14 00:00:00",Conventional,1.301039752,615606.28,146947.11,298026.44,114.48,170518.25,,,
Boston,Weekly,"2024-01-08 00:00:00",Conventional,1.366944340,678063.37,135352.93,345029.63,48.32,197632.50,,,
Buffalo/Rochester,Weekly,"2024-01-28 00:00:00",Conventional,1.038524557,198334.09,34654.17,53955.01,1418.51,108306.40,,,
Buffalo/Rochester,Weekly,"2024-01-21 00:00:00",Conventional,1.026083900,187069.47,28753.54,54720.88,1234.63,102360.43,,,
Buffalo/Rochester,Weekly,"2024-01-14 00:00:00",Conventional,1.034629923,223187.56,42108.76,58417.66,1540.96,121120.18,,,
Buffalo/Rochester,Weekly,"2024-01-08 00:00:00",Conventional,1.023273870,206801.03,35080.03,58116.09,1396.20,112208.72,,,
California,Weekly,"2024-01-28 00:00:00",Conventional,1.130189424,6252801.62,3897655.18,523785.15,538036.58,1293324.72,,,
California,Weekly,"2024-01-21 00:00:00",Conventional,1.222769578,5733770.40,3475511.93,536211.73,398475.84,1323570.91,,,
California,Weekly,"2024-01-14 00:00:00",Conventional,1.177040300,6122591.51,3840463.17,616242.02,400696.17,1265190.15,,,
California,Weekly,"2024-01-08 00:00:00",Conventional,1.127643748,6069606.64,3852689.86,510373.35,367785.66,1338757.77,,,
Charlotte,Weekly,"2024-01-28 00:00:00",Conventional,1.160668413,378544.61,182003.32,63558.81,1173.98,131808.50,,,
Charlotte,Weekly,"2024-01-21 00:00:00",Conventional,1.168171136,391664.10,184588.12,74932.30,769.12,131374.56,,,
Charlotte,Weekly,"2024-01-14 00:00:00",Conventional,1.165117729,402587.25,195518.90,62423.42,680.47,143964.47,,,
Charlotte,Weekly,"2024-01-08 00:00:00",Conventional,1.172582729,373713.26,170075.69,62673.41,811.90,140152.26,,,
Chicago,Weekly,"2024-01-28 00:00:00",Conventional,0.946903572,1155725.26,259286.40,213517.45,57737.13,625184.28,,,
Chicago,Weekly,"2024-01-21 00:00:00",Conventional,1.294184474,740199.31,206187.46,261912.78,68685.41,203413.66,,,
Chicago,Weekly,"2024-01-14 00:00:00",Conventional,1.268897740,830722.27,255325.06,285953.03,93586.36,195857.82,,,
Chicago,Weekly,"2024-01-08 00:00:00",Conventional,1.236938650,773340.54,288460.75,243807.20,53587.75,187484.84,,,
Cincinnati/Dayton,Weekly,"2024-01-28 00:00:00",Conventional,0.977704288,317517.28,223600.24,44437.24,288.57,49191.24,,,
Cincinnati/Dayton,Weekly,"2024-01-21 00:00:00",Conventional,1.035943170,307384.47,188438.71,67833.92,622.80,50489.04,,,
Cincinnati/Dayton,Weekly,"2024-01-14 00:00:00",Conventional,1.003270543,330550.71,210464.20,74902.94,740.98,44442.58,,,
Cincinnati/Dayton,Weekly,"2024-01-08 00:00:00",Conventional,0.930645353,322113.48,207534.37,64716.28,410.17,49452.66,,,
Columbus,Weekly,"2024-01-28 00:00:00",Conventional,0.918092779,267444.09,187481.83,29773.96,390.91,49797.39,,,
Columbus,Weekly,"2024-01-21 00:00:00",Conventional,0.988513040,260575.78,169286.05,40459.39,730.28,50100.06,,,
Columbus,Weekly,"2024-01-14 00:00:00",Conventional,0.972775650,271760.00,171644.67,52468.48,777.42,46869.43,,,
Columbus,Weekly,"2024-01-08 00:00:00",Conventional,0.878628576,273640.27,189514.67,28360.52,519.22,55245.87,,,
"Dallas/Ft. Worth",Weekly,"2024-01-28 00:00:00",Conventional,0.808830972,1466503.52,621802.44,281867.06,1334.26,561499.75,,,
"Dallas/Ft. Worth",Weekly,"2024-01-21 00:00:00",Conventional,0.835599421,1208225.74,565970.86,208539.54,1500.66,432214.68,,,
"Dallas/Ft. Worth",Weekly,"2024-01-14 00:00:00",Conventional,0.796765524,1801274.69,739771.55,342782.38,1869.12,716851.64,,,
"Dallas/Ft. Worth",Weekly,"2024-01-08 00:00:00",Conventional,0.813899943,1401952.02,680845.20,267059.91,1663.49,452383.43,,,
Denver,Weekly,"2024-01-28 00:00:00",Conventional,0.985364128,1047982.22,420046.57,371787.57,16809.00,239339.08,,,
Denver,Weekly,"2024-01-21 00:00:00",Conventional,1.004405415,870559.50,357113.56,266608.68,17520.80,229316.46,,,
Denver,Weekly,"2024-01-14 00:00:00",Conventional,1.071047265,1005530.92,358811.36,383794.07,17139.37,245786.12,,,
Denver,Weekly,"2024-01-08 00:00:00",Conventional,1.057563819,1001968.83,367576.23,328508.27,18142.81,287741.52,,,
Detroit,Weekly,"2024-01-28 00:00:00",Conventional,0.984669408,475483.72,283709.13,88205.25,3469.60,100099.73,,,
Detroit,Weekly,"2024-01-21 00:00:00",Conventional,1.091874115,471459.29,191935.32,167425.03,9387.79,102711.14,,,
Detroit,Weekly,"2024-01-14 00:00:00",Conventional,1.057551574,508402.28,230236.00,171165.42,10768.04,96232.82,,,
Detroit,Weekly,"2024-01-08 00:00:00",Conventional,0.940455439,435712.91,207873.35,111822.18,4050.03,111967.35,,,
"Grand Rapids",Weekly,"2024-01-28 00:00:00",Conventional,1.099455850,187138.33,70443.89,64234.52,3759.06,48700.86,,,
"Grand Rapids",Weekly,"2024-01-21 00:00:00",Conventional,1.246126913,208338.29,24478.83,124044.61,10451.33,49363.52,,,
"Grand Rapids",Weekly,"2024-01-14 00:00:00",Conventional,1.217755968,235023.25,31274.23,137261.17,11940.79,54547.04,,,
"Grand Rapids",Weekly,"2024-01-08 00:00:00",Conventional,1.100249320,173830.69,29171.19,77063.04,5233.59,62362.86,,,
"Great Lakes",Weekly,"2024-01-28 00:00:00",Conventional,0.965470648,4504746.08,2209495.72,873503.96,75278.17,1346468.23,,,
"Great Lakes",Weekly,"2024-01-21 00:00:00",Conventional,1.091494870,4027629.15,1684627.82,1332950.17,113859.65,896191.50,,,
"Great Lakes",Weekly,"2024-01-14 00:00:00",Conventional,1.059131367,4407083.68,1922032.25,1480031.51,145330.38,859689.53,,,
"Great Lakes",Weekly,"2024-01-08 00:00:00",Conventional,0.993656290,3940194.72,1890535.41,1032370.26,75621.17,941667.88,,,
Harrisburg/Scranton,Weekly,"2024-01-28 00:00:00",Conventional,1.135246676,383569.51,150967.87,109426.09,11395.63,111779.91,,,
Harrisburg/Scranton,Weekly,"2024-01-21 00:00:00",Conventional,1.139889947,381874.62,157649.16,98906.46,13258.36,112060.65,,,
Harrisburg/Scranton,Weekly,"2024-01-14 00:00:00",Conventional,1.102005192,373968.75,156885.40,103393.37,13456.74,100233.24,,,
Harrisburg/Scranton,Weekly,"2024-01-08 00:00:00",Conventional,1.109442718,414802.43,185886.70,111742.38,13191.17,103982.18,,,
Hartford/Springfield,Weekly,"2024-01-28 00:00:00",Conventional,1.293105505,417794.49,20441.69,312142.88,75.92,85134.00,,,
Hartford/Springfield,Weekly,"2024-01-21 00:00:00",Conventional,1.449064602,310281.82,14422.63,211831.81,42.71,83984.67,,,
Hartford/Springfield,Weekly,"2024-01-14 00:00:00",Conventional,1.331535356,343000.17,18356.93,244906.97,77.57,79658.70,,,
Hartford/Springfield,Weekly,"2024-01-08 00:00:00",Conventional,1.404316999,355598.06,18985.30,231154.31,29.12,105429.33,,,
Houston,Weekly,"2024-01-28 00:00:00",Conventional,0.900424618,939088.76,419578.80,274517.51,178.39,244814.06,,,
Houston,Weekly,"2024-01-21 00:00:00",Conventional,0.902979522,840241.14,394004.79,221122.11,174.23,224940.01,,,
Houston,Weekly,"2024-01-14 00:00:00",Conventional,0.877726730,1055592.82,467927.06,311308.56,245.62,276111.59,,,
Houston,Weekly,"2024-01-08 00:00:00",Conventional,0.860096156,879294.33,433974.04,232460.89,170.95,212688.46,,,
Indianapolis,Weekly,"2024-01-28 00:00:00",Conventional,0.996836200,265157.19,150492.15,58636.44,692.59,55336.00,,,
Indianapolis,Weekly,"2024-01-21 00:00:00",Conventional,1.027897224,258882.16,125277.30,78325.84,789.74,54489.28,,,
Indianapolis,Weekly,"2024-01-14 00:00:00",Conventional,0.968315701,293863.39,157011.85,85822.80,992.82,50035.91,,,
Indianapolis,Weekly,"2024-01-08 00:00:00",Conventional,0.886232780,263996.23,149159.62,59129.26,682.20,55025.15,,,
Jacksonville,Weekly,"2024-01-28 00:00:00",Conventional,0.983355447,290271.60,211116.07,2579.70,9.62,76566.21,,,
Jacksonville,Weekly,"2024-01-21 00:00:00",Conventional,0.976398033,272376.26,196489.25,3757.07,15.25,72114.69,,,
Jacksonville,Weekly,"2024-01-14 00:00:00",Conventional,1.072623853,251303.43,179284.01,4582.25,20.76,67416.41,,,
Jacksonville,Weekly,"2024-01-08 00:00:00",Conventional,0.964975094,268118.31,192104.34,2208.41,13.55,73792.00,,,
"Las Vegas",Weekly,"2024-01-28 00:00:00",Conventional,1.027540295,400956.65,170511.60,117773.44,6301.07,106370.55,,,
"Las Vegas",Weekly,"2024-01-21 00:00:00",Conventional,1.089376786,382928.31,152820.96,103420.62,7297.98,119388.75,,,
"Las Vegas",Weekly,"2024-01-14 00:00:00",Conventional,0.979091486,429902.68,153618.44,104455.65,7632.46,164196.13,,,
"Las Vegas",Weekly,"2024-01-08 00:00:00",Conventional,1.093759916,376862.31,170849.27,86434.64,8346.77,111231.63,,,
"Los Angeles",Weekly,"2024-01-28 00:00:00",Conventional,1.115402653,3034779.18,1801676.93,138746.39,418647.44,675708.42,,,
"Los Angeles",Weekly,"2024-01-21 00:00:00",Conventional,1.180337433,2856496.89,1682416.73,184515.54,304622.98,684941.65,,,
"Los Angeles",Weekly,"2024-01-14 00:00:00",Conventional,1.158858290,2947419.98,1742294.46,238848.86,304196.22,662080.44,,,
"Los Angeles",Weekly,"2024-01-08 00:00:00",Conventional,1.061726770,2996510.31,1845312.82,147211.95,280234.20,723751.34,,,
Louisville,Weekly,"2024-01-28 00:00:00",Conventional,0.934445555,145737.71,82053.01,19745.05,30.79,43908.86,,,
Louisville,Weekly,"2024-01-21 00:00:00",Conventional,0.903762704,144737.83,68029.25,32536.18,72.59,44099.80,,,
Louisville,Weekly,"2024-01-14 00:00:00",Conventional,0.876251738,172222.93,101209.90,27321.59,72.18,43619.27,,,
Louisville,Weekly,"2024-01-08 00:00:00",Conventional,1.167617399,140913.15,49220.84,48242.84,83.12,43366.35,,,
"Miami/Ft. Lauderdale",Weekly,"2024-01-28 00:00:00",Conventional,0.970234212,1363617.17,981500.66,14082.18,52.92,367981.41,,,
"Miami/Ft. Lauderdale",Weekly,"2024-01-21 00:00:00",Conventional,0.957215607,1313682.97,923265.96,16706.36,46.72,373663.92,,,
"Miami/Ft. Lauderdale",Weekly,"2024-01-14 00:00:00",Conventional,1.071177642,1216641.42,835245.02,12347.03,56.39,368992.98,,,
"Miami/Ft. Lauderdale",Weekly,"2024-01-08 00:00:00",Conventional,0.959269520,1203911.57,834465.09,23717.83,51.24,345677.40,,,
Midsouth,Weekly,"2024-01-28 00:00:00",Conventional,1.071994480,4106345.94,2118372.78,605181.04,7317.23,1375474.89,,,
Midsouth,Weekly,"2024-01-21 00:00:00",Conventional,1.077334683,4181420.03,2122850.28,728677.57,7167.31,1322724.88,,,
Midsouth,Weekly,"2024-01-14 00:00:00",Conventional,1.062365045,4386716.11,2334614.73,664270.06,7008.77,1380822.55,,,
Midsouth,Weekly,"2024-01-08 00:00:00",Conventional,1.104171162,4104772.20,1929973.94,792285.13,7757.52,1374755.61,,,
Nashville,Weekly,"2024-01-28 00:00:00",Conventional,0.931958047,337715.30,214218.33,25753.87,12.20,97730.90,,,
Nashville,Weekly,"2024-01-21 00:00:00",Conventional,0.957440504,312597.40,180118.91,38184.21,11.77,94282.51,,,
Nashville,Weekly,"2024-01-14 00:00:00",Conventional,0.965767990,354793.31,223812.60,30302.74,17.19,100660.78,,,
Nashville,Weekly,"2024-01-08 00:00:00",Conventional,1.060064845,318403.39,162748.31,64677.62,16.58,90960.88,,,
"Northern New England",Weekly,"2024-01-28 00:00:00",Conventional,0.994055102,515330.51,182723.83,204790.98,123.54,127692.16,,,
"Northern New England",Weekly,"2024-01-21 00:00:00",Conventional,1.024199151,607909.15,248288.66,276015.35,149.63,83455.50,,,
"Northern New England",Weekly,"2024-01-14 00:00:00",Conventional,1.036259560,456499.81,173396.39,202180.63,96.35,80826.44,,,
"Northern New England",Weekly,"2024-01-08 00:00:00",Conventional,1.141267848,560915.55,189059.76,260173.40,24.47,111657.92,,,
"New Orleans/Mobile",Weekly,"2024-01-28 00:00:00",Conventional,0.836020978,285330.17,205383.42,3119.92,20.06,76806.77,,,
"New Orleans/Mobile",Weekly,"2024-01-21 00:00:00",Conventional,0.837823232,288356.26,205515.06,3552.93,23.29,79264.98,,,
"New Orleans/Mobile",Weekly,"2024-01-14 00:00:00",Conventional,0.811240531,320123.73,230081.10,4207.19,11.49,85823.95,,,
"New Orleans/Mobile",Weekly,"2024-01-08 00:00:00",Conventional,0.819124928,287013.37,214199.41,3729.23,1.25,69083.48,,,
"New York",Weekly,"2024-01-28 00:00:00",Conventional,1.135783835,2401082.61,216559.07,1606097.61,759.37,577666.56,,,
"New York",Weekly,"2024-01-21 00:00:00",Conventional,1.376938961,1654210.16,185786.04,883526.82,748.87,584148.44,,,
"New York",Weekly,"2024-01-14 00:00:00",Conventional,1.214209433,2069989.38,178007.37,1308052.84,513.12,583416.05,,,
"New York",Weekly,"2024-01-08 00:00:00",Conventional,1.362654100,1729846.67,161330.08,941366.71,955.67,626194.20,,,
Northeast,Weekly,"2024-01-28 00:00:00",Conventional,1.123783665,6287713.96,1213178.50,3382982.79,24502.01,1667050.66,,,
Northeast,Weekly,"2024-01-21 00:00:00",Conventional,1.217609553,5365149.11,1328595.95,2411863.55,28467.59,1596222.03,,,
Northeast,Weekly,"2024-01-14 00:00:00",Conventional,1.167132154,5575489.13,1140377.98,2830803.26,27764.37,1576543.52,,,
Northeast,Weekly,"2024-01-08 00:00:00",Conventional,1.238592534,5524344.03,1193060.24,2557067.75,29154.47,1745061.57,,,
Orlando,Weekly,"2024-01-28 00:00:00",Conventional,0.955367928,707199.83,457475.74,2259.76,13.80,247450.52,,,
Orlando,Weekly,"2024-01-21 00:00:00",Conventional,0.944984293,675882.65,424153.20,2044.60,17.59,249667.26,,,
Orlando,Weekly,"2024-01-14 00:00:00",Conventional,1.014978654,661219.56,411420.72,9622.91,34.02,240141.92,,,
Orlando,Weekly,"2024-01-08 00:00:00",Conventional,0.929233596,681567.68,444526.87,5317.39,9.37,231714.05,,,
Peoria/Springfield,Weekly,"2024-01-28 00:00:00",Conventional,0.863658458,133830.35,86770.91,12968.25,170.86,33920.33,,,
Peoria/Springfield,Weekly,"2024-01-21 00:00:00",Conventional,0.946652453,121483.29,70442.22,20715.09,608.17,29717.81,,,
Peoria/Springfield,Weekly,"2024-01-14 00:00:00",Conventional,0.929142248,132036.70,75126.27,23588.94,720.98,32600.51,,,
Peoria/Springfield,Weekly,"2024-01-08 00:00:00",Conventional,0.846148063,120938.71,77242.33,12977.15,353.34,30365.89,,,
Philadelphia,Weekly,"2024-01-28 00:00:00",Conventional,1.053319212,616032.90,172786.98,239190.17,8665.82,195389.93,,,
Philadelphia,Weekly,"2024-01-21 00:00:00",Conventional,1.081049214,597294.67,209356.19,178825.91,10959.65,198152.92,,,
Philadelphia,Weekly,"2024-01-14 00:00:00",Conventional,1.078829729,616062.80,176537.56,237082.67,9934.98,192507.61,,,
Philadelphia,Weekly,"2024-01-08 00:00:00",Conventional,1.082620668,609103.38,199418.83,198877.05,11282.46,199525.03,,,
Phoenix/Tucson,Weekly,"2024-01-28 00:00:00",Conventional,0.915843985,1300535.40,694183.57,395065.89,15808.17,195477.78,,,
Phoenix/Tucson,Weekly,"2024-01-21 00:00:00",Conventional,0.957619922,1216763.80,640661.61,334753.85,18026.31,223322.04,,,
Phoenix/Tucson,Weekly,"2024-01-14 00:00:00",Conventional,0.903590716,1328682.73,645605.86,353197.68,18063.20,311815.98,,,
Phoenix/Tucson,Weekly,"2024-01-08 00:00:00",Conventional,1.004830711,1199175.98,646026.30,322361.77,19511.04,211276.86,,,
Pittsburgh,Weekly,"2024-01-28 00:00:00",Conventional,0.990073017,161339.73,106612.07,10153.66,24.55,44549.45,,,
Pittsburgh,Weekly,"2024-01-21 00:00:00",Conventional,0.985539881,172557.42,116330.38,9293.99,14.58,46918.46,,,
Pittsburgh,Weekly,"2024-01-14 00:00:00",Conventional,0.961299943,155482.95,98273.48,8205.31,39.56,48964.59,,,
Pittsburgh,Weekly,"2024-01-08 00:00:00",Conventional,0.920735532,170977.58,106638.75,11348.12,45.11,52945.60,,,
Plains,Weekly,"2024-01-28 00:00:00",Conventional,1.004323556,2044606.47,1090882.20,309598.60,2653.84,641471.84,,,
Plains,Weekly,"2024-01-21 00:00:00",Conventional,0.940763844,1933030.04,1079781.86,254986.89,3163.99,595097.30,,,
Plains,Weekly,"2024-01-14 00:00:00",Conventional,0.947919004,2092366.10,1142354.48,318690.58,2857.82,628463.23,,,
Plains,Weekly,"2024-01-08 00:00:00",Conventional,0.915382070,2074092.09,1161144.22,330161.14,3362.68,579424.04,,,
Portland,Weekly,"2024-01-28 00:00:00",Conventional,1.139979971,612600.45,291901.64,205905.63,30186.14,84607.04,,,
Portland,Weekly,"2024-01-21 00:00:00",Conventional,1.161463030,544362.57,269052.78,171334.57,31127.63,72847.58,,,
Portland,Weekly,"2024-01-14 00:00:00",Conventional,1.105096193,671141.69,308755.84,231200.87,33590.84,97594.13,,,
Portland,Weekly,"2024-01-08 00:00:00",Conventional,1.191725300,599560.51,287924.70,185956.92,33747.69,91931.19,,,
Providence,Weekly,"2024-01-28 00:00:00",Conventional,1.221009770,123624.60,24820.90,79262.23,13.72,19527.76,,,
Providence,Weekly,"2024-01-21 00:00:00",Conventional,1.308298128,93571.00,27222.00,47916.56,14.18,18418.27,,,
Providence,Weekly,"2024-01-14 00:00:00",Conventional,1.372137813,86411.08,19272.47,47881.90,11.09,19245.62,,,
Providence,Weekly,"2024-01-08 00:00:00",Conventional,1.400929391,98205.08,18230.30,52880.43,28.45,27065.90,,,
Raleigh/Greensboro,Weekly,"2024-01-28 00:00:00",Conventional,1.131561411,443390.85,207980.57,73029.55,879.31,161501.42,,,
Raleigh/Greensboro,Weekly,"2024-01-21 00:00:00",Conventional,1.126810613,453415.20,217320.35,78998.44,402.87,156693.54,,,
Raleigh/Greensboro,Weekly,"2024-01-14 00:00:00",Conventional,1.092595992,475471.33,238749.08,73393.36,399.89,162929.00,,,
Raleigh/Greensboro,Weekly,"2024-01-08 00:00:00",Conventional,1.125945481,440300.05,205285.18,70649.76,481.65,163883.46,,,
Richmond/Norfolk,Weekly,"2024-01-28 00:00:00",Conventional,1.025811619,328381.73,178841.40,50576.87,222.39,98741.08,,,
Richmond/Norfolk,Weekly,"2024-01-21 00:00:00",Conventional,1.033409285,333488.98,177021.30,59668.06,87.32,96712.29,,,
Richmond/Norfolk,Weekly,"2024-01-14 00:00:00",Conventional,0.985299784,363124.56,204600.69,56344.18,93.14,102086.55,,,
Richmond/Norfolk,Weekly,"2024-01-08 00:00:00",Conventional,1.038292058,326953.91,154566.34,73135.19,131.64,99120.73,,,
Roanoke,Weekly,"2024-01-28 00:00:00",Conventional,0.944311844,202496.35,126507.99,19263.07,489.81,56235.47,,,
Roanoke,Weekly,"2024-01-21 00:00:00",Conventional,0.959436889,198832.54,114856.82,29315.20,516.12,54144.40,,,
Roanoke,Weekly,"2024-01-14 00:00:00",Conventional,0.913919079,210771.69,133442.43,22821.12,567.52,53940.62,,,
Roanoke,Weekly,"2024-01-08 00:00:00",Conventional,0.964077539,200482.21,104773.25,39223.38,614.67,55870.93,,,
Sacramento,Weekly,"2024-01-28 00:00:00",Conventional,1.168923491,485755.84,283471.58,85108.29,3836.43,113339.54,,,
Sacramento,Weekly,"2024-01-21 00:00:00",Conventional,1.241419085,476907.48,266633.43,91605.65,3961.57,114706.82,,,
Sacramento,Weekly,"2024-01-14 00:00:00",Conventional,1.208546584,484874.65,284208.38,81193.56,4595.86,114876.86,,,
Sacramento,Weekly,"2024-01-08 00:00:00",Conventional,1.089745183,513625.59,291807.20,112338.65,3652.29,105827.45,,,
"San Diego",Weekly,"2024-01-28 00:00:00",Conventional,1.172898855,551631.11,327143.67,33722.51,54549.40,136215.53,,,
"San Diego",Weekly,"2024-01-21 00:00:00",Conventional,1.173203812,527835.30,300386.79,41748.96,39543.50,146156.05,,,
"San Diego",Weekly,"2024-01-14 00:00:00",Conventional,1.104260363,589992.16,363164.49,58227.52,39263.67,129336.48,,,
"San Diego",Weekly,"2024-01-08 00:00:00",Conventional,1.143036335,553510.35,344303.35,28680.41,38161.45,142365.15,,,
"San Francisco",Weekly,"2024-01-28 00:00:00",Conventional,1.090734488,867386.96,639347.31,93994.26,7089.68,126955.70,,,
"San Francisco",Weekly,"2024-01-21 00:00:00",Conventional,1.404497220,680241.14,484060.56,60253.37,6341.79,129585.43,,,
"San Francisco",Weekly,"2024-01-14 00:00:00",Conventional,1.280876433,805400.80,602738.64,74340.02,6513.57,121808.57,,,
"San Francisco",Weekly,"2024-01-08 00:00:00",Conventional,1.350970065,723087.02,528644.00,65534.92,4391.46,124516.64,,,
Seattle,Weekly,"2024-01-28 00:00:00",Conventional,1.373691358,550940.77,197768.51,241913.03,2734.28,108524.94,,,
Seattle,Weekly,"2024-01-21 00:00:00",Conventional,1.394745082,529763.36,214307.85,201000.73,10927.21,103527.57,,,
Seattle,Weekly,"2024-01-14 00:00:00",Conventional,1.349757026,579231.67,220046.67,231470.49,17865.38,109849.13,,,
Seattle,Weekly,"2024-01-08 00:00:00",Conventional,1.376856335,553270.68,222899.15,205589.05,18659.55,106122.94,,,
"South Carolina",Weekly,"2024-01-28 00:00:00",Conventional,1.035861657,594195.09,368730.38,54860.53,439.09,170165.09,,,
"South Carolina",Weekly,"2024-01-21 00:00:00",Conventional,1.032843336,602425.32,350553.23,75628.89,120.29,176122.92,,,
"South Carolina",Weekly,"2024-01-14 00:00:00",Conventional,1.019437070,608571.26,365512.07,63057.53,199.86,179801.80,,,
"South Carolina",Weekly,"2024-01-08 00:00:00",Conventional,1.032388269,562409.08,320371.36,72462.19,280.91,169294.62,,,
"South Central",Weekly,"2024-01-28 00:00:00",Conventional,0.819246868,5514559.78,2899574.51,790336.22,10085.34,1814563.70,,,
"South Central",Weekly,"2024-01-21 00:00:00",Conventional,0.845486637,4788404.14,2560988.38,638543.44,10943.37,1577928.95,,,
"South Central",Weekly,"2024-01-14 00:00:00",Conventional,0.806271270,6276220.78,3198080.26,917681.85,11809.01,2148649.66,,,
"South Central",Weekly,"2024-01-08 00:00:00",Conventional,0.814721626,5278691.19,2882524.48,759126.63,12755.28,1624284.80,,,
Southeast,Weekly,"2024-01-28 00:00:00",Conventional,0.972009069,6446748.93,4573384.20,192428.33,861.45,1680074.95,,,
Southeast,Weekly,"2024-01-21 00:00:00",Conventional,0.965899465,6244163.39,4272544.15,243109.17,558.51,1727951.57,,,
Southeast,Weekly,"2024-01-14 00:00:00",Conventional,1.025692931,6121407.46,4184372.34,233683.33,723.86,1702627.93,,,
Southeast,Weekly,"2024-01-08 00:00:00",Conventional,0.957079398,6051231.43,4113539.93,323490.19,2297.74,1611903.57,,,
Spokane,Weekly,"2024-01-28 00:00:00",Conventional,1.147402072,85523.26,39686.42,27166.70,87.51,18582.63,,,
Spokane,Weekly,"2024-01-21 00:00:00",Conventional,1.145007750,80259.03,39045.97,24352.83,84.94,16775.28,,,
Spokane,Weekly,"2024-01-14 00:00:00",Conventional,1.131996124,85209.49,39411.25,28271.58,30.24,17496.42,,,
Spokane,Weekly,"2024-01-08 00:00:00",Conventional,1.108065884,81369.52,40915.38,24513.90,59.64,15880.61,,,
"St. Louis",Weekly,"2024-01-28 00:00:00",Conventional,0.883717982,211807.61,141466.35,13310.86,42.27,56988.13,,,
"St. Louis",Weekly,"2024-01-21 00:00:00",Conventional,0.869991126,207771.52,145486.05,11825.97,110.95,50348.54,,,
"St. Louis",Weekly,"2024-01-14 00:00:00",Conventional,0.849085122,202285.95,133000.86,8032.10,68.66,61184.33,,,
"St. Louis",Weekly,"2024-01-08 00:00:00",Conventional,0.795197653,229526.06,165788.68,11028.65,164.15,52544.57,,,
Syracuse,Weekly,"2024-01-28 00:00:00",Conventional,1.041713391,89508.70,13968.98,34605.67,476.61,40457.43,,,
Syracuse,Weekly,"2024-01-21 00:00:00",Conventional,1.052333746,92573.80,15159.79,39307.39,464.49,37642.13,,,
Syracuse,Weekly,"2024-01-14 00:00:00",Conventional,1.028019438,87316.81,13673.42,35016.63,430.03,38196.74,,,
Syracuse,Weekly,"2024-01-08 00:00:00",Conventional,1.069650336,95954.85,14501.99,42843.59,413.74,38195.53,,,
Tampa,Weekly,"2024-01-28 00:00:00",Conventional,0.955239697,760505.37,544227.39,4342.66,74.76,211860.57,,,
Tampa,Weekly,"2024-01-21 00:00:00",Conventional,0.951013902,729178.22,507787.47,4234.18,61.68,217094.88,,,
Tampa,Weekly,"2024-01-14 00:00:00",Conventional,1.030732363,725611.78,498331.46,10765.36,183.06,216331.89,,,
Tampa,Weekly,"2024-01-08 00:00:00",Conventional,0.930191747,760300.57,548701.28,10001.85,1067.75,200529.69,,,
Toledo,Weekly,"2024-01-28 00:00:00",Conventional,0.868482004,156288.87,99515.16,29783.19,663.51,26327.01,,,
Toledo,Weekly,"2024-01-21 00:00:00",Conventional,0.974611497,144389.20,71203.53,43776.20,2011.61,27397.85,,,
Toledo,Weekly,"2024-01-14 00:00:00",Conventional,0.926325060,164359.77,83586.43,52339.49,2222.66,26211.19,,,
Toledo,Weekly,"2024-01-08 00:00:00",Conventional,0.843268163,144273.37,80712.28,27914.19,925.60,34721.30,,,
West,Weekly,"2024-01-28 00:00:00",Conventional,1.024877239,7086876.53,3316808.06,2192919.20,105766.78,1471382.48,,,
West,Weekly,"2024-01-21 00:00:00",Conventional,1.044611647,6576985.86,3099193.61,1845905.05,124421.85,1507465.35,,,
West,Weekly,"2024-01-14 00:00:00",Conventional,1.024822042,7178345.63,3144805.85,2155432.74,140073.31,1738033.73,,,
West,Weekly,"2024-01-08 00:00:00",Conventional,1.074663885,6767099.91,3167686.53,1892362.82,140547.20,1566503.35,,,
"West Tex/New Mexico",Weekly,"2024-01-28 00:00:00",Conventional,0.863043847,942191.50,527255.33,101320.59,4587.72,309027.85,,,
"West Tex/New Mexico",Weekly,"2024-01-21 00:00:00",Conventional,0.857561768,926686.23,484187.96,91590.34,5729.13,345178.80,,,
"West Tex/New Mexico",Weekly,"2024-01-14 00:00:00",Conventional,0.820582625,926736.55,459778.41,101909.03,5770.80,359278.31,,,
"West Tex/New Mexico",Weekly,"2024-01-08 00:00:00",Conventional,0.881287276,864482.63,426444.94,98769.80,6905.01,332362.88,,,
Wichita,Weekly,"2024-01-28 00:00:00",Conventional,0.964363936,110740.03,46579.36,32666.87,0.94,31492.85,,,
Wichita,Weekly,"2024-01-21 00:00:00",Conventional,0.955619074,94404.60,43970.44,23037.31,1.89,27394.95,,,
Wichita,Weekly,"2024-01-14 00:00:00",Conventional,0.902421424,112998.55,51477.72,29418.85,7.80,32094.18,,,
Wichita,Weekly,"2024-01-08 00:00:00",Conventional,0.911544930,102919.09,52430.35,23150.53,0.00,27338.21,,,
"Total U.S.",Weekly,"2024-01-28 00:00:00",Conventional,1.017525889,42244399.31,21319351.15,8870735.29,764501.41,11289811.46,,,
"Total U.S.",Weekly,"2024-01-21 00:00:00",Conventional,1.060817583,38850552.14,19624093.97,7992247.57,687058.11,10547152.48,,,
"Total U.S.",Weekly,"2024-01-14 00:00:00",Conventional,1.037015102,42160220.38,20907101.05,9216835.35,736263.69,11300020.29,,,
"Total U.S.",Weekly,"2024-01-08 00:00:00",Conventional,1.039874893,39810032.20,20191154.61,8197237.28,639281.73,10782358.59,,,
Albany,Weekly,"2024-01-28 00:00:00",Organic,1.472884308,4215.78,229.89,250.51,0.00,3735.38,,,
Albany,Weekly,"2024-01-21 00:00:00",Organic,1.501227589,3554.93,267.06,204.86,0.00,3083.02,,,
Albany,Weekly,"2024-01-14 00:00:00",Organic,1.429068534,3779.24,199.55,203.69,0.00,3375.99,,,
Albany,Weekly,"2024-01-08 00:00:00",Organic,1.501128892,4672.82,295.90,347.70,0.00,4029.22,,,
Atlanta,Weekly,"2024-01-28 00:00:00",Organic,1.061639966,78684.23,28.85,9997.50,0.00,68657.88,,,
Atlanta,Weekly,"2024-01-21 00:00:00",Organic,0.996154198,90120.37,42.42,10419.75,0.00,79658.21,,,
Atlanta,Weekly,"2024-01-14 00:00:00",Organic,1.104004100,83196.86,37.42,11863.80,0.00,71295.64,,,
Atlanta,Weekly,"2024-01-08 00:00:00",Organic,1.092155031,86292.85,155.01,12383.67,0.00,73754.17,,,
Baltimore/Washington,Weekly,"2024-01-28 00:00:00",Organic,1.592439051,62399.03,379.93,6899.68,2.32,55117.10,,,
Baltimore/Washington,Weekly,"2024-01-21 00:00:00",Organic,1.528694855,71436.73,211.06,10402.09,2.32,60821.27,,,
Baltimore/Washington,Weekly,"2024-01-14 00:00:00",Organic,1.625452440,69091.23,744.41,10174.39,0.00,58172.42,,,
Baltimore/Washington,Weekly,"2024-01-08 00:00:00",Organic,1.710906083,65036.03,315.33,11397.72,2.32,53320.66,,,
Birmingham/Montgomery,Weekly,"2024-01-28 00:00:00",Organic,0.994433080,25143.32,88.31,423.90,0.00,24631.10,,,
Birmingham/Montgomery,Weekly,"2024-01-21 00:00:00",Organic,0.953309383,26040.77,45.19,445.67,0.00,25549.91,,,
Birmingham/Montgomery,Weekly,"2024-01-14 00:00:00",Organic,1.053449292,25085.74,68.70,788.80,0.00,24228.24,,,
Birmingham/Montgomery,Weekly,"2024-01-08 00:00:00",Organic,1.035352479,24762.26,87.59,518.01,0.00,24156.67,,,
Boise,Weekly,"2024-01-28 00:00:00",Organic,1.901961183,6988.36,1234.37,2380.65,0.00,3373.35,,,
Boise,Weekly,"2024-01-21 00:00:00",Organic,1.898189858,6945.32,2314.73,1544.87,0.00,3085.73,,,
Boise,Weekly,"2024-01-14 00:00:00",Organic,1.861435293,6170.31,1378.25,1666.03,0.00,3126.03,,,
Boise,Weekly,"2024-01-08 00:00:00",Organic,1.962985752,6811.54,754.63,2805.72,0.00,3251.18,,,
Boston,Weekly,"2024-01-28 00:00:00",Organic,1.719887830,31184.63,226.55,2137.97,0.00,28820.11,,,
Boston,Weekly,"2024-01-21 00:00:00",Organic,1.708583481,35958.13,222.82,2746.35,0.00,32988.96,,,
Boston,Weekly,"2024-01-14 00:00:00",Organic,1.672798361,35580.68,288.43,2413.37,0.00,32878.88,,,
Boston,Weekly,"2024-01-08 00:00:00",Organic,1.687637161,38422.87,297.00,2550.76,0.00,35575.11,,,
Buffalo/Rochester,Weekly,"2024-01-28 00:00:00",Organic,1.533184965,13440.12,340.99,63.63,0.00,13035.50,,,
Buffalo/Rochester,Weekly,"2024-01-21 00:00:00",Organic,1.585404116,12405.54,351.92,71.73,0.00,11981.89,,,
Buffalo/Rochester,Weekly,"2024-01-14 00:00:00",Organic,1.633930642,15157.79,547.93,118.22,0.00,14491.64,,,
Buffalo/Rochester,Weekly,"2024-01-08 00:00:00",Organic,1.646001025,14147.49,654.71,123.29,0.00,13369.49,,,
California,Weekly,"2024-01-28 00:00:00",Organic,1.653550179,324725.48,130947.84,14082.28,5209.35,174486.02,,,
California,Weekly,"2024-01-21 00:00:00",Organic,1.654744714,352164.97,148623.38,14516.08,5457.04,183568.47,,,
California,Weekly,"2024-01-14 00:00:00",Organic,1.710687804,320900.09,126684.31,12363.16,5508.12,176344.51,,,
California,Weekly,"2024-01-08 00:00:00",Organic,1.733239033,322099.94,129993.64,12851.17,5338.47,173916.67,,,
Charlotte,Weekly,"2024-01-28 00:00:00",Organic,1.359920621,38360.89,523.44,2506.55,5.53,35325.37,,,
Charlotte,Weekly,"2024-01-21 00:00:00",Organic,1.425267792,32120.89,68.53,2188.06,1.11,29863.19,,,
Charlotte,Weekly,"2024-01-14 00:00:00",Organic,1.487607081,33321.41,320.28,2820.39,2.21,30178.54,,,
Charlotte,Weekly,"2024-01-08 00:00:00",Organic,1.386399903,36521.82,558.50,2222.08,8.84,33732.40,,,
Chicago,Weekly,"2024-01-28 00:00:00",Organic,1.371670343,68855.05,375.38,22250.58,0.00,46229.08,,,
Chicago,Weekly,"2024-01-21 00:00:00",Organic,1.451370547,62072.60,726.65,31635.58,0.00,29710.37,,,
Chicago,Weekly,"2024-01-14 00:00:00",Organic,1.494216749,62009.59,670.20,34114.71,0.00,27224.68,,,
Chicago,Weekly,"2024-01-08 00:00:00",Organic,1.464287877,53991.77,596.27,15623.05,0.00,37772.45,,,
Cincinnati/Dayton,Weekly,"2024-01-28 00:00:00",Organic,1.905818865,19121.42,52.64,7814.41,0.00,11254.37,,,
Cincinnati/Dayton,Weekly,"2024-01-21 00:00:00",Organic,1.920077488,19606.08,81.76,8446.20,0.00,11078.13,,,
Cincinnati/Dayton,Weekly,"2024-01-14 00:00:00",Organic,2.049279803,18747.29,50.95,8819.49,0.00,9876.85,,,
Cincinnati/Dayton,Weekly,"2024-01-08 00:00:00",Organic,2.012419101,18840.74,65.87,8322.79,0.00,10452.08,,,
Columbus,Weekly,"2024-01-28 00:00:00",Organic,1.650370764,13446.02,2312.76,2324.44,0.00,8808.82,,,
Columbus,Weekly,"2024-01-21 00:00:00",Organic,1.646815362,13799.57,2125.39,2922.61,0.00,8751.57,,,
Columbus,Weekly,"2024-01-14 00:00:00",Organic,1.662386628,13350.46,2910.23,1821.89,0.00,8618.35,,,
Columbus,Weekly,"2024-01-08 00:00:00",Organic,1.605582617,16039.06,4190.96,1659.55,0.00,10188.55,,,
"Dallas/Ft. Worth",Weekly,"2024-01-28 00:00:00",Organic,1.094854285,62451.10,17963.49,575.88,0.00,43911.73,,,
"Dallas/Ft. Worth",Weekly,"2024-01-21 00:00:00",Organic,1.130265950,55673.61,18210.54,696.14,0.00,36766.93,,,
"Dallas/Ft. Worth",Weekly,"2024-01-14 00:00:00",Organic,1.151757328,69834.14,23239.03,778.19,0.00,45816.92,,,
"Dallas/Ft. Worth",Weekly,"2024-01-08 00:00:00",Organic,1.137667857,58962.51,17191.35,752.02,0.00,41019.13,,,
Denver,Weekly,"2024-01-28 00:00:00",Organic,1.234048708,52142.80,15931.61,613.36,0.00,35597.83,,,
Denver,Weekly,"2024-01-21 00:00:00",Organic,1.200022081,60065.30,19903.24,643.84,0.00,39518.23,,,
Denver,Weekly,"2024-01-14 00:00:00",Organic,1.279079514,50570.86,22632.03,590.59,0.00,27348.25,,,
Denver,Weekly,"2024-01-08 00:00:00",Organic,1.252631544,53418.40,25608.85,693.54,0.00,27116.00,,,
Detroit,Weekly,"2024-01-28 00:00:00",Organic,1.538682269,21684.96,513.24,5148.31,0.00,16023.40,,,
Detroit,Weekly,"2024-01-21 00:00:00",Organic,1.699365114,20439.46,601.75,6026.99,0.00,13810.72,,,
Detroit,Weekly,"2024-01-14 00:00:00",Organic,1.959853220,17549.97,481.96,6759.18,0.00,10308.83,,,
Detroit,Weekly,"2024-01-08 00:00:00",Organic,1.490343186,24198.35,494.15,6342.25,0.00,17361.95,,,
"Grand Rapids",Weekly,"2024-01-28 00:00:00",Organic,1.242865930,9778.97,28.60,3542.50,0.00,6207.86,,,
"Grand Rapids",Weekly,"2024-01-21 00:00:00",Organic,1.464315674,4568.82,7.14,383.18,0.00,4178.50,,,
"Grand Rapids",Weekly,"2024-01-14 00:00:00",Organic,1.697609545,5708.21,28.10,687.45,0.00,4992.65,,,
"Grand Rapids",Weekly,"2024-01-08 00:00:00",Organic,1.018750180,9045.90,28.79,728.88,0.00,8288.22,,,
"Great Lakes",Weekly,"2024-01-28 00:00:00",Organic,1.450841164,221037.91,9969.62,53089.11,0.00,157979.18,,,
"Great Lakes",Weekly,"2024-01-21 00:00:00",Organic,1.583476879,191039.09,10969.18,62467.45,0.00,117602.46,,,
"Great Lakes",Weekly,"2024-01-14 00:00:00",Organic,1.665914234,189258.51,14846.06,63833.39,0.00,110579.06,,,
"Great Lakes",Weekly,"2024-01-08 00:00:00",Organic,1.502475409,208803.28,16018.60,44467.20,0.00,148317.48,,,
Harrisburg/Scranton,Weekly,"2024-01-28 00:00:00",Organic,0.919347363,44349.33,184.20,535.73,0.00,43629.40,,,
Harrisburg/Scranton,Weekly,"2024-01-21 00:00:00",Organic,0.946311574,41434.15,205.53,484.10,0.00,40744.51,,,
Harrisburg/Scranton,Weekly,"2024-01-14 00:00:00",Organic,0.971313610,37936.08,149.64,421.40,0.00,37365.03,,,
Harrisburg/Scranton,Weekly,"2024-01-08 00:00:00",Organic,0.933044605,44932.76,317.23,623.20,0.00,43992.33,,,
Hartford/Springfield,Weekly,"2024-01-28 00:00:00",Organic,1.817231681,16528.01,316.84,5063.37,0.00,11147.80,,,
Hartford/Springfield,Weekly,"2024-01-21 00:00:00",Organic,1.794702654,20031.15,388.20,6350.58,0.00,13292.38,,,
Hartford/Springfield,Weekly,"2024-01-14 00:00:00",Organic,1.866871563,19732.94,384.38,5940.59,0.00,13407.97,,,
Hartford/Springfield,Weekly,"2024-01-08 00:00:00",Organic,1.738845944,22384.27,430.97,7696.62,0.00,14256.67,,,
Houston,Weekly,"2024-01-28 00:00:00",Organic,1.099588281,32177.69,12932.35,100.09,0.00,19145.25,,,
Houston,Weekly,"2024-01-21 00:00:00",Organic,1.101730430,32188.79,13321.86,101.46,0.00,18765.46,,,
Houston,Weekly,"2024-01-14 00:00:00",Organic,1.106776247,35135.50,14547.73,126.65,0.00,20461.11,,,
Houston,Weekly,"2024-01-08 00:00:00",Organic,1.128543580,35324.36,16011.84,105.28,0.00,19207.24,,,
Indianapolis,Weekly,"2024-01-28 00:00:00",Organic,1.640917440,13243.29,1697.26,2242.52,0.00,9303.51,,,
Indianapolis,Weekly,"2024-01-21 00:00:00",Organic,1.778140777,11427.84,1647.55,2426.13,0.00,7354.15,,,
Indianapolis,Weekly,"2024-01-14 00:00:00",Organic,1.782859701,12997.18,3111.10,1458.39,0.00,8427.69,,,
Indianapolis,Weekly,"2024-01-08 00:00:00",Organic,1.691020937,12420.72,2192.22,1860.16,0.00,8368.34,,,
Jacksonville,Weekly,"2024-01-28 00:00:00",Organic,1.257970700,15650.32,56.48,137.64,0.00,15456.20,,,
Jacksonville,Weekly,"2024-01-21 00:00:00",Organic,1.441237846,11303.70,83.28,121.95,0.00,11098.47,,,
Jacksonville,Weekly,"2024-01-14 00:00:00",Organic,1.600119229,9890.25,55.24,171.49,0.00,9663.51,,,
Jacksonville,Weekly,"2024-01-08 00:00:00",Organic,1.458654808,13193.48,73.07,110.81,0.00,13009.60,,,
"Las Vegas",Weekly,"2024-01-28 00:00:00",Organic,1.291891682,22299.09,4933.95,3799.26,0.00,13565.87,,,
"Las Vegas",Weekly,"2024-01-21 00:00:00",Organic,1.275181396,23477.84,7283.67,3352.44,0.00,12841.73,,,
"Las Vegas",Weekly,"2024-01-14 00:00:00",Organic,1.334593931,23036.17,7381.69,4049.34,0.00,11605.15,,,
"Las Vegas",Weekly,"2024-01-08 00:00:00",Organic,1.317132709,25797.46,6450.77,4460.39,0.00,14886.31,,,
"Los Angeles",Weekly,"2024-01-28 00:00:00",Organic,1.626036005,154679.37,61984.84,6262.85,4311.67,82120.02,,,
"Los Angeles",Weekly,"2024-01-21 00:00:00",Organic,1.626966060,172692.60,75196.04,5623.37,4555.40,87317.80,,,
"Los Angeles",Weekly,"2024-01-14 00:00:00",Organic,1.623525703,159595.26,65321.96,4107.91,4590.29,85575.09,,,
"Los Angeles",Weekly,"2024-01-08 00:00:00",Organic,1.644745849,152450.68,66418.02,4328.36,4274.70,77429.60,,,
Louisville,Weekly,"2024-01-28 00:00:00",Organic,1.726390951,8920.43,344.62,2457.80,0.00,6118.00,,,
Louisville,Weekly,"2024-01-21 00:00:00",Organic,1.755274369,9666.26,1286.76,2211.74,0.00,6167.75,,,
Louisville,Weekly,"2024-01-14 00:00:00",Organic,1.775733882,9722.03,1762.92,1938.34,0.00,6020.77,,,
Louisville,Weekly,"2024-01-08 00:00:00",Organic,1.767763609,10071.97,2277.83,1481.52,0.00,6312.61,,,
"Miami/Ft. Lauderdale",Weekly,"2024-01-28 00:00:00",Organic,1.346210751,58742.58,301.88,361.20,0.00,58079.50,,,
"Miami/Ft. Lauderdale",Weekly,"2024-01-21 00:00:00",Organic,1.415000622,57903.39,319.38,361.20,0.00,57222.81,,,
"Miami/Ft. Lauderdale",Weekly,"2024-01-14 00:00:00",Organic,1.418917531,54619.54,312.08,365.40,0.00,53942.06,,,
"Miami/Ft. Lauderdale",Weekly,"2024-01-08 00:00:00",Organic,1.380493621,54411.33,310.53,325.50,0.00,53775.30,,,
Midsouth,Weekly,"2024-01-28 00:00:00",Organic,1.390573665,359825.34,6483.59,41139.88,15.86,312186.02,,,
Midsouth,Weekly,"2024-01-21 00:00:00",Organic,1.431963909,343138.97,10774.37,40879.29,4.57,291480.74,,,
Midsouth,Weekly,"2024-01-14 00:00:00",Organic,1.465643567,359923.93,18275.98,42038.96,11.21,299597.78,,,
Midsouth,Weekly,"2024-01-08 00:00:00",Organic,1.446931661,354379.36,17671.04,33192.70,16.78,303498.84,,,
Nashville,Weekly,"2024-01-28 00:00:00",Organic,1.567141502,25927.78,760.83,7461.71,0.00,17705.24,,,
Nashville,Weekly,"2024-01-21 00:00:00",Organic,1.607209072,25322.46,3117.74,5403.57,0.00,16801.16,,,
Nashville,Weekly,"2024-01-14 00:00:00",Organic,1.557159880,31377.31,6028.87,5692.48,0.00,19655.95,,,
Nashville,Weekly,"2024-01-08 00:00:00",Organic,1.634851593,23690.43,3851.75,2191.93,0.00,17646.75,,,
"Northern New England",Weekly,"2024-01-28 00:00:00",Organic,1.621093970,15055.85,2050.95,350.34,0.00,12654.56,,,
"Northern New England",Weekly,"2024-01-21 00:00:00",Organic,1.589116068,17060.92,2277.54,274.90,0.00,14508.48,,,
"Northern New England",Weekly,"2024-01-14 00:00:00",Organic,1.548853828,15107.70,1828.71,323.20,0.00,12955.78,,,
"Northern New England",Weekly,"2024-01-08 00:00:00",Organic,1.588430883,17385.82,2185.11,364.46,0.00,14836.25,,,
"New Orleans/Mobile",Weekly,"2024-01-28 00:00:00",Organic,1.087986750,17109.88,328.55,24.33,0.00,16757.00,,,
"New Orleans/Mobile",Weekly,"2024-01-21 00:00:00",Organic,1.082857997,15981.24,266.02,16.96,0.00,15698.26,,,
"New Orleans/Mobile",Weekly,"2024-01-14 00:00:00",Organic,1.104335170,14981.75,457.82,50.44,0.00,14473.49,,,
"New Orleans/Mobile",Weekly,"2024-01-08 00:00:00",Organic,1.110205551,15380.30,258.10,19.14,0.00,15103.06,,,
"New York",Weekly,"2024-01-28 00:00:00",Organic,1.181819920,164660.92,5051.86,7987.30,90.54,151531.23,,,
"New York",Weekly,"2024-01-21 00:00:00",Organic,1.253293248,174764.17,5016.00,10200.89,0.00,159547.28,,,
"New York",Weekly,"2024-01-14 00:00:00",Organic,1.315658133,150765.87,5332.10,11169.82,0.00,134263.95,,,
"New York",Weekly,"2024-01-08 00:00:00",Organic,1.260827924,156781.24,5851.31,11205.08,0.00,139724.84,,,
Northeast,Weekly,"2024-01-28 00:00:00",Organic,1.259850177,384564.95,12527.55,20312.35,91.63,351633.42,,,
Northeast,Weekly,"2024-01-21 00:00:00",Organic,1.309032673,406269.56,13124.41,25996.38,0.00,367148.77,,,
Northeast,Weekly,"2024-01-14 00:00:00",Organic,1.356928910,371671.82,12910.84,26391.65,0.00,332369.34,,,
Northeast,Weekly,"2024-01-08 00:00:00",Organic,1.325584941,398970.67,14788.15,29735.71,0.00,354446.81,,,
Orlando,Weekly,"2024-01-28 00:00:00",Organic,1.259366527,37093.87,320.06,58.14,0.00,36715.67,,,
Orlando,Weekly,"2024-01-21 00:00:00",Organic,1.351517620,32766.70,200.56,60.90,0.00,32505.24,,,
Orlando,Weekly,"2024-01-14 00:00:00",Organic,1.371617686,29890.88,289.67,72.45,0.00,29528.77,,,
Orlando,Weekly,"2024-01-08 00:00:00",Organic,1.384392683,29127.31,292.92,67.20,0.00,28767.20,,,
Peoria/Springfield,Weekly,"2024-01-28 00:00:00",Organic,1.319529724,5771.42,315.13,775.71,0.00,4680.57,,,
Peoria/Springfield,Weekly,"2024-01-21 00:00:00",Organic,1.640418624,3714.42,333.86,837.87,0.00,2542.69,,,
Peoria/Springfield,Weekly,"2024-01-14 00:00:00",Organic,1.592602828,3714.92,443.11,636.47,0.00,2635.35,,,
Peoria/Springfield,Weekly,"2024-01-08 00:00:00",Organic,1.532529019,3995.64,355.06,831.68,0.00,2808.90,,,
Philadelphia,Weekly,"2024-01-28 00:00:00",Organic,1.070286013,58458.25,1221.92,2679.65,0.00,54556.68,,,
Philadelphia,Weekly,"2024-01-21 00:00:00",Organic,1.117252643,58232.20,1256.02,3776.50,0.00,53199.68,,,
Philadelphia,Weekly,"2024-01-14 00:00:00",Organic,1.145956368,55272.25,1166.53,4255.30,0.00,49850.43,,,
Philadelphia,Weekly,"2024-01-08 00:00:00",Organic,1.145288908,58017.09,1492.25,4861.49,0.00,51663.35,,,
Phoenix/Tucson,Weekly,"2024-01-28 00:00:00",Organic,1.282971802,40373.52,7871.95,7100.65,0.00,25400.91,,,
Phoenix/Tucson,Weekly,"2024-01-21 00:00:00",Organic,1.264722716,43371.57,9330.79,6723.93,0.00,27316.86,,,
Phoenix/Tucson,Weekly,"2024-01-14 00:00:00",Organic,1.273367224,42757.07,8880.38,7268.53,0.00,26608.16,,,
Phoenix/Tucson,Weekly,"2024-01-08 00:00:00",Organic,1.339069006,44265.67,9875.64,8583.73,0.00,25806.31,,,
Pittsburgh,Weekly,"2024-01-28 00:00:00",Organic,1.378122499,5420.81,1231.34,9.55,0.00,4179.93,,,
Pittsburgh,Weekly,"2024-01-21 00:00:00",Organic,1.381656751,5450.67,1255.30,0.00,0.00,4195.37,,,
Pittsburgh,Weekly,"2024-01-14 00:00:00",Organic,1.443387236,5273.27,1481.41,4.09,0.00,3787.77,,,
Pittsburgh,Weekly,"2024-01-08 00:00:00",Organic,1.435095123,5162.19,1332.25,6.82,0.00,3823.13,,,
Plains,Weekly,"2024-01-28 00:00:00",Organic,1.384691908,90145.43,9812.96,16726.44,0.00,63606.03,,,
Plains,Weekly,"2024-01-21 00:00:00",Organic,1.238128227,78131.35,9836.15,7670.40,0.00,60624.80,,,
Plains,Weekly,"2024-01-14 00:00:00",Organic,1.247505375,77317.75,10906.88,3373.32,0.00,63037.56,,,
Plains,Weekly,"2024-01-08 00:00:00",Organic,1.279367159,75645.33,10079.43,4334.09,0.00,61231.82,,,
Portland,Weekly,"2024-01-28 00:00:00",Organic,2.082725020,35325.59,26.65,22041.71,0.00,13257.22,,,
Portland,Weekly,"2024-01-21 00:00:00",Organic,2.045664429,34456.42,10.36,22024.58,0.00,12421.48,,,
Portland,Weekly,"2024-01-14 00:00:00",Organic,2.013587246,42671.19,4.18,26827.01,1.35,15838.65,,,
Portland,Weekly,"2024-01-08 00:00:00",Organic,2.121660503,39733.00,80.79,25100.94,0.00,14551.27,,,
Providence,Weekly,"2024-01-28 00:00:00",Organic,1.597403543,3642.67,1.42,5.69,0.00,3635.56,,,
Providence,Weekly,"2024-01-21 00:00:00",Organic,1.547777346,4955.57,2.84,7.10,0.00,4945.63,,,
Providence,Weekly,"2024-01-14 00:00:00",Organic,1.538211030,5386.44,4.27,4.27,0.00,5377.90,,,
Providence,Weekly,"2024-01-08 00:00:00",Organic,1.562599019,5508.08,2.37,8.53,0.00,5497.18,,,
Raleigh/Greensboro,Weekly,"2024-01-28 00:00:00",Organic,1.283347125,46934.48,568.26,1857.52,5.32,44503.38,,,
Raleigh/Greensboro,Weekly,"2024-01-21 00:00:00",Organic,1.380066900,41020.22,324.39,2011.10,1.06,38683.67,,,
Raleigh/Greensboro,Weekly,"2024-01-14 00:00:00",Organic,1.404801404,41385.71,884.35,1890.94,8.51,38601.90,,,
Raleigh/Greensboro,Weekly,"2024-01-08 00:00:00",Organic,1.325580178,46404.18,765.82,2041.84,3.19,43593.33,,,
Richmond/Norfolk,Weekly,"2024-01-28 00:00:00",Organic,1.317823904,30514.23,888.34,2007.51,0.00,27618.38,,,
Richmond/Norfolk,Weekly,"2024-01-21 00:00:00",Organic,1.336788683,31838.77,1209.08,2618.65,0.00,28011.04,,,
Richmond/Norfolk,Weekly,"2024-01-14 00:00:00",Organic,1.339442641,32630.37,1659.38,2173.06,0.00,28797.93,,,
Richmond/Norfolk,Weekly,"2024-01-08 00:00:00",Organic,1.379860205,31164.64,2223.67,1578.84,0.00,27362.13,,,
Roanoke,Weekly,"2024-01-28 00:00:00",Organic,1.399351592,16934.10,1216.79,2370.31,0.00,13347.01,,,
Roanoke,Weekly,"2024-01-21 00:00:00",Organic,1.493455379,16582.76,1333.69,2636.18,0.00,12612.88,,,
Roanoke,Weekly,"2024-01-14 00:00:00",Organic,1.517698818,15157.18,1678.02,1666.44,0.00,11812.71,,,
Roanoke,Weekly,"2024-01-08 00:00:00",Organic,1.469397413,15788.88,2107.22,1190.61,0.00,12491.06,,,
Sacramento,Weekly,"2024-01-28 00:00:00",Organic,1.633315264,17936.07,5871.17,1287.60,0.00,10777.30,,,
Sacramento,Weekly,"2024-01-21 00:00:00",Organic,1.594248502,19513.23,6202.53,1596.06,0.00,11714.64,,,
Sacramento,Weekly,"2024-01-14 00:00:00",Organic,1.719214412,18706.11,5290.47,1446.76,0.00,11968.89,,,
Sacramento,Weekly,"2024-01-08 00:00:00",Organic,1.718437050,19236.20,5096.35,1495.17,0.00,12644.69,,,
"San Diego",Weekly,"2024-01-28 00:00:00",Organic,1.814337659,24387.07,11460.99,1212.50,382.64,11330.93,,,
"San Diego",Weekly,"2024-01-21 00:00:00",Organic,1.822133223,27152.17,13910.80,1152.17,387.18,11702.01,,,
"San Diego",Weekly,"2024-01-14 00:00:00",Organic,1.774124390,25144.04,11909.03,1283.23,396.56,11555.21,,,
"San Diego",Weekly,"2024-01-08 00:00:00",Organic,1.808601086,25395.35,11694.20,1168.79,466.54,12065.82,,,
"San Francisco",Weekly,"2024-01-28 00:00:00",Organic,1.760364757,61830.75,26613.31,2749.35,0.00,32468.09,,,
"San Francisco",Weekly,"2024-01-21 00:00:00",Organic,1.766967464,65269.62,27472.26,3241.47,0.00,34555.89,,,
"San Francisco",Weekly,"2024-01-14 00:00:00",Organic,1.960400990,58201.61,22225.01,3032.50,0.00,32944.10,,,
"San Francisco",Weekly,"2024-01-08 00:00:00",Organic,1.977190708,61990.75,23806.25,3179.24,0.00,35005.25,,,
Seattle,Weekly,"2024-01-28 00:00:00",Organic,2.181778118,68457.10,480.99,54883.37,2.26,13090.48,,,
Seattle,Weekly,"2024-01-21 00:00:00",Organic,2.037897717,66431.53,476.34,52051.46,1.13,13902.59,,,
Seattle,Weekly,"2024-01-14 00:00:00",Organic,2.013959026,70305.74,842.29,55566.79,25.94,13870.72,,,
Seattle,Weekly,"2024-01-08 00:00:00",Organic,2.141245656,64585.40,2418.00,48011.21,4.51,14151.68,,,
"South Carolina",Weekly,"2024-01-28 00:00:00",Organic,1.179291186,55471.88,696.36,3244.97,1.16,51529.39,,,
"South Carolina",Weekly,"2024-01-21 00:00:00",Organic,1.168338410,52418.64,382.11,2944.37,0.00,49092.16,,,
"South Carolina",Weekly,"2024-01-14 00:00:00",Organic,1.259571208,51537.38,469.24,3533.63,0.00,47534.52,,,
"South Carolina",Weekly,"2024-01-08 00:00:00",Organic,1.215950403,55912.15,837.44,2910.00,0.00,52164.71,,,
"South Central",Weekly,"2024-01-28 00:00:00",Organic,1.091607884,212294.77,39129.61,3781.45,0.00,169383.71,,,
"South Central",Weekly,"2024-01-21 00:00:00",Organic,1.129596921,191448.11,43261.29,3018.03,0.00,145168.78,,,
"South Central",Weekly,"2024-01-14 00:00:00",Organic,1.163267854,236862.86,55465.55,4953.34,0.00,176443.97,,,
"South Central",Weekly,"2024-01-08 00:00:00",Organic,1.136694543,219896.53,51211.10,4105.30,0.00,164580.13,,,
Southeast,Weekly,"2024-01-28 00:00:00",Organic,1.159543748,420201.50,2111.73,19518.31,1.25,398570.21,,,
Southeast,Weekly,"2024-01-21 00:00:00",Organic,1.160489913,413074.49,2164.16,18697.18,0.00,392213.15,,,
Southeast,Weekly,"2024-01-14 00:00:00",Organic,1.225339751,386824.29,2803.67,22117.19,0.00,361903.42,,,
Southeast,Weekly,"2024-01-08 00:00:00",Organic,1.204425491,404457.76,3384.89,20924.10,0.00,380148.76,,,
Spokane,Weekly,"2024-01-28 00:00:00",Organic,2.163352896,5040.44,67.94,2176.56,0.00,2795.93,,,
Spokane,Weekly,"2024-01-21 00:00:00",Organic,1.996213261,4885.42,42.43,2284.78,0.00,2558.20,,,
Spokane,Weekly,"2024-01-14 00:00:00",Organic,1.976721492,4941.04,194.32,2113.17,0.00,2633.56,,,
Spokane,Weekly,"2024-01-08 00:00:00",Organic,2.030835151,5494.96,1047.17,1719.66,0.00,2728.13,,,
"St. Louis",Weekly,"2024-01-28 00:00:00",Organic,1.732088038,11313.67,1402.43,3095.75,0.00,6815.49,,,
"St. Louis",Weekly,"2024-01-21 00:00:00",Organic,1.497195492,9134.57,1619.99,2377.68,0.00,5136.90,,,
"St. Louis",Weekly,"2024-01-14 00:00:00",Organic,1.864546047,7966.13,785.59,2630.12,0.00,4550.43,,,
"St. Louis",Weekly,"2024-01-08 00:00:00",Organic,1.936349519,7833.66,827.25,2765.53,0.00,4240.87,,,
Syracuse,Weekly,"2024-01-28 00:00:00",Organic,1.479613028,5231.08,211.16,85.20,0.00,4934.72,,,
Syracuse,Weekly,"2024-01-21 00:00:00",Organic,1.460483453,5284.76,226.69,79.19,0.00,4978.89,,,
Syracuse,Weekly,"2024-01-14 00:00:00",Organic,1.488415530,5331.03,168.31,80.34,0.00,5082.38,,,
Syracuse,Weekly,"2024-01-08 00:00:00",Organic,1.513777682,6378.30,179.00,150.13,0.00,6049.17,,,
Tampa,Weekly,"2024-01-28 00:00:00",Organic,1.229680311,31516.80,182.10,65.10,0.00,31269.60,,,
Tampa,Weekly,"2024-01-21 00:00:00",Organic,1.247206340,33359.74,236.06,55.65,0.00,33068.04,,,
Tampa,Weekly,"2024-01-14 00:00:00",Organic,1.249661295,29327.92,189.94,50.40,0.00,29087.57,,,
Tampa,Weekly,"2024-01-08 00:00:00",Organic,1.266958947,29911.88,233.27,65.10,0.00,29613.51,,,
Toledo,Weekly,"2024-01-28 00:00:00",Organic,1.486614177,7279.34,537.07,1166.72,0.00,5575.55,,,
Toledo,Weekly,"2024-01-21 00:00:00",Organic,1.682450839,5913.43,315.66,1540.33,0.00,4057.44,,,
Toledo,Weekly,"2024-01-14 00:00:00",Organic,1.703823533,5239.55,705.01,972.12,0.00,3562.42,,,
Toledo,Weekly,"2024-01-08 00:00:00",Organic,1.525389440,7779.66,1206.47,977.29,0.00,5595.91,,,
West,Weekly,"2024-01-28 00:00:00",Organic,1.633332100,362351.99,55137.79,121112.14,3.42,186098.64,,,
West,Weekly,"2024-01-21 00:00:00",Organic,1.562440509,372057.69,69966.73,114134.72,1.15,187955.09,,,
West,Weekly,"2024-01-14 00:00:00",Organic,1.609120485,374433.07,74516.10,124145.62,33.42,175737.93,,,
West,Weekly,"2024-01-08 00:00:00",Organic,1.638140834,381497.84,84377.49,119684.85,17.06,177418.45,,,
"West Tex/New Mexico",Weekly,"2024-01-28 00:00:00",Organic,1.234908136,28797.04,2488.75,1050.91,0.00,25257.39,,,
"West Tex/New Mexico",Weekly,"2024-01-21 00:00:00",Organic,1.403555988,29502.94,6931.47,1053.45,0.00,21518.02,,,
"West Tex/New Mexico",Weekly,"2024-01-14 00:00:00",Organic,1.536053511,39152.25,12599.16,1235.29,0.00,25317.80,,,
"West Tex/New Mexico",Weekly,"2024-01-08 00:00:00",Organic,1.373360254,42014.96,13406.63,1330.17,0.00,27278.15,,,
Wichita,Weekly,"2024-01-28 00:00:00",Organic,1.200619125,4263.50,1455.94,2.13,0.00,2805.43,,,
Wichita,Weekly,"2024-01-21 00:00:00",Organic,1.209081319,3776.52,1101.89,3.20,0.00,2671.42,,,
Wichita,Weekly,"2024-01-14 00:00:00",Organic,1.224560822,4976.57,2049.02,0.00,0.00,2927.55,,,
Wichita,Weekly,"2024-01-08 00:00:00",Organic,1.204059851,5350.96,1877.34,6.40,0.00,3467.22,,,
"Total U.S.",Weekly,"2024-01-28 00:00:00",Organic,1.380187237,2375147.38,266120.70,289761.95,5321.50,1813943.23,,,
"Total U.S.",Weekly,"2024-01-21 00:00:00",Organic,1.398236522,2347324.23,308719.69,287379.52,5462.77,1745762.26,,,
"Total U.S.",Weekly,"2024-01-14 00:00:00",Organic,1.443380025,2317192.32,316409.37,299216.63,5552.76,1696013.57,,,
"Total U.S.",Weekly,"2024-01-08 00:00:00",Organic,1.425530577,2365750.72,327524.33,269295.12,5372.31,1763558.96,,,
"Source: IRI confidential information. HAB's calculation based in part on data reported by Information Resources, Inc. for the avocado category for Multi-Outlet (MULO). The information is believed to be reliable at the time supplied by IRI but is neither all-inclusive nor guaranteed by IRI. Without limiting the generality of the foregoing, specific data points may vary considerably from other information sources.",,,,,,,,,,,,
